"Timber forest","Protection forest","Alpine pasture","Biodiversity meadows","Proforestation","Natural regeneration","Economic","Ecological","Social"
0,0,0,0.35,0.6,0.05,0.0729,0.6186,0.0458
0,0,0,0.35,0.65,0,0.0693,0.6258,0.0437
0,0,0.05,0.35,0.6,0,0.0964,0.6,0.0833
0,0,0.1,0.3,0.6,0,0.1135,0.5788,0.1167
0,0,0.2,0.25,0.55,0,0.1578,0.5318,0.1896
0,0,0.3,0.2,0.5,0,0.2021,0.4848,0.2625
0,0,0.4,0.15,0.45,0,0.2464,0.4379,0.3354
0,0,0.45,0.15,0.4,0,0.2734,0.4,0.3705
0,0.05,0,0.35,0.6,0,0.0849,0.6076,0.05
0.05,0,0,0.35,0.55,0.05,0.1229,0.5777,0.0824
0.05,0,0,0.35,0.6,0,0.1193,0.6045,0.0824
0.05,0,0.05,0.3,0.55,0.05,0.1401,0.5727,0.1235
0.05,0,0.05,0.35,0.55,0,0.1464,0.5573,0.1324
0.05,0,0.1,0.3,0.5,0.05,0.1672,0.5275,0.1688
0.05,0,0.1,0.3,0.55,0,0.1635,0.557,0.1667
0.05,0,0.15,0.25,0.5,0.05,0.1844,0.5258,0.2021
0.05,0,0.15,0.3,0.5,0,0.1906,0.507,0.2063
0.05,0,0.2,0.25,0.5,0,0.2078,0.5068,0.2396
0.05,0,0.25,0.2,0.45,0.05,0.2286,0.477,0.275
0.05,0,0.3,0.2,0.45,0,0.2521,0.4566,0.3125
0.05,0,0.35,0.15,0.4,0.05,0.2729,0.4268,0.3479
0.05,0,0.4,0.15,0.4,0,0.2964,0.4064,0.3682
0.05,0,0.4,0.2,0.35,0,0.3062,0.3566,0.3917
0.05,0,0.45,0.35,0.15,0,0.363,0.1573,0.4455
0.05,0.05,0,0.35,0.55,0,0.13,0.5743,0.0917
0.1,0,0,0.35,0.55,0,0.15,0.563,0.1029
0.1,0,0.05,0.3,0.5,0.05,0.1889,0.5332,0.1441
0.1,0,0.05,0.3,0.55,0,0.1858,0.5455,0.1441
0.1,0,0.1,0.25,0.5,0.05,0.2073,0.5136,0.1853
0.1,0,0.1,0.3,0.5,0,0.2135,0.5127,0.1941
0.1,0,0.15,0.25,0.45,0.05,0.2344,0.483,0.2353
0.1,0,0.15,0.25,0.5,0,0.2307,0.4985,0.2353
0.1,0,0.2,0.2,0.45,0.05,0.2516,0.4667,0.2765
0.1,0,0.2,0.25,0.45,0,0.2578,0.4625,0.2853
0.1,0,0.25,0.2,0.4,0.05,0.2786,0.4327,0.325
0.1,0,0.25,0.2,0.45,0,0.275,0.4515,0.3229
0.1,0,0.3,0.15,0.4,0.05,0.2958,0.4197,0.3583
0.1,0,0.3,0.2,0.4,0,0.3021,0.4123,0.3625
0.1,0,0.35,0.15,0.4,0,0.3193,0.4045,0.3659
0.1,0,0.35,0.2,0.35,0,0.3292,0.3623,0.3909
0.1,0,0.35,0.25,0.25,0.05,0.3427,0.283,0.4091
0.1,0,0.35,0.25,0.3,0,0.3391,0.3125,0.4083
0.1,0,0.4,0.35,0.15,0,0.3859,0.163,0.4432
0.1,0,0.4,0.4,0.1,0,0.3958,0.1132,0.4667
0.1,0.05,0.05,0.3,0.5,0,0.1911,0.5273,0.1647
0.1,0.05,0.15,0.25,0.45,0,0.2464,0.4795,0.2559
0.1,0.05,0.25,0.2,0.4,0,0.2906,0.4293,0.3292
0.1,0.05,0.3,0.2,0.35,0,0.3177,0.3793,0.3688
0.15,0,0.05,0.3,0.5,0,0.2111,0.5184,0.1647
0.15,0,0.1,0.25,0.45,0.05,0.25,0.4886,0.2059
0.15,0,0.1,0.3,0.45,0,0.2611,0.4684,0.2147
0.15,0,0.15,0.25,0.45,0,0.2807,0.4682,0.2559
0.15,0,0.2,0.2,0.4,0.05,0.3016,0.4384,0.2971
0.15,0,0.2,0.2,0.45,0,0.2979,0.4394,0.2971
0.15,0,0.25,0.2,0.4,0,0.325,0.418,0.3471
0.15,0,0.3,0.15,0.35,0.05,0.3458,0.3882,0.3568
0.15,0,0.3,0.15,0.4,0,0.3422,0.3924,0.3636
0.15,0,0.3,0.2,0.35,0,0.3521,0.368,0.3886
0.15,0,0.3,0.25,0.25,0.05,0.3656,0.2886,0.4059
0.15,0,0.3,0.25,0.3,0,0.362,0.3182,0.4059
0.15,0,0.3,0.3,0.2,0.05,0.3755,0.2389,0.4147
0.15,0,0.3,0.3,0.25,0,0.3719,0.2684,0.4147
0.15,0,0.35,0.3,0.2,0,0.399,0.2184,0.4159
0.15,0,0.35,0.35,0.15,0,0.4089,0.1686,0.4409
0.15,0,0.35,0.4,0.05,0.05,0.4224,0.0893,0.4591
0.15,0,0.35,0.4,0.1,0,0.4187,0.1189,0.4659
0.15,0,0.35,0.45,0,0.05,0.4323,0.0395,0.4841
0.15,0,0.35,0.45,0.05,0,0.4286,0.0691,0.4833
0.15,0,0.35,0.5,0,0,0.4385,0.0193,0.4896
0.15,0.05,0.2,0.2,0.4,0,0.3135,0.4212,0.3176
0.15,0.05,0.25,0.2,0.35,0,0.3406,0.385,0.3676
0.15,0.05,0.3,0.2,0.3,0,0.3677,0.335,0.3773
0.15,0.05,0.3,0.25,0.25,0,0.3776,0.2852,0.4023
0.15,0.05,0.3,0.3,0.15,0.05,0.3911,0.2059,0.4205
0.15,0.05,0.3,0.3,0.2,0,0.3875,0.2355,0.4273
0.15,0.05,0.3,0.35,0.15,0,0.3974,0.1857,0.4375
0.15,0.05,0.3,0.4,0.1,0,0.4073,0.1359,0.4438
0.15,0.05,0.35,0.4,0.05,0,0.4344,0.0859,0.4545
0.15,0.05,0.35,0.45,0,0,0.4443,0.0361,0.4795
0.15,0.1,0.2,0.2,0.35,0,0.3292,0.402,0.3382
0.15,0.1,0.25,0.2,0.25,0.05,0.3599,0.3225,0.3818
0.15,0.1,0.25,0.2,0.3,0,0.3562,0.352,0.3854
0.15,0.1,0.25,0.25,0.25,0,0.3661,0.3023,0.3917
0.15,0.1,0.3,0.3,0.15,0,0.4031,0.2025,0.4159
0.15,0.1,0.3,0.35,0.1,0,0.413,0.1527,0.4409
0.15,0.15,0.25,0.2,0.25,0,0.3719,0.3191,0.3773
0.15,0.15,0.25,0.25,0.2,0,0.3818,0.2693,0.3979
0.2,0,0.15,0.2,0.4,0.05,0.3111,0.4333,0.2676
0.2,0,0.15,0.25,0.4,0,0.3221,0.4239,0.2765
0.2,0,0.2,0.2,0.35,0.05,0.3516,0.3941,0.3176
0.2,0,0.2,0.2,0.4,0,0.3479,0.4182,0.3176
0.2,0,0.25,0.15,0.35,0.05,0.3688,0.3864,0.3545
0.2,0,0.25,0.15,0.4,0,0.3651,0.3803,0.3588
0.2,0,0.25,0.2,0.3,0.05,0.3786,0.3441,0.3676
0.2,0,0.25,0.2,0.35,0,0.375,0.3736,0.3676
0.2,0,0.25,0.25,0.25,0.05,0.3885,0.2943,0.3765
0.2,0,0.25,0.25,0.3,0,0.3849,0.3239,0.3765
0.2,0,0.3,0.15,0.35,0,0.3922,0.3712,0.3386
0.2,0,0.3,0.2,0.3,0,0.4021,0.3236,0.3636
0.2,0,0.3,0.25,0.25,0,0.412,0.2739,0.3886
0.2,0,0.3,0.3,0.2,0,0.4219,0.2241,0.4136
0.2,0,0.3,0.35,0.15,0,0.4318,0.1743,0.4386
0.2,0,0.3,0.4,0.05,0.05,0.4453,0.095,0.4529
0.2,0,0.3,0.4,0.1,0,0.4417,0.1245,0.4529
0.2,0,0.3,0.45,0,0.05,0.4552,0.0452,0.4618
0.2,0,0.3,0.45,0.05,0,0.4516,0.0748,0.4618
0.2,0,0.35,0.45,0,0,0.4786,0.0248,0.4659
0.2,0.05,0.2,0.2,0.35,0,0.3632,0.3907,0.3382
0.2,0.05,0.25,0.15,0.3,0.05,0.3844,0.3609,0.3432
0.2,0.05,0.25,0.15,0.35,0,0.3807,0.3621,0.35
0.2,0.05,0.25,0.2,0.25,0.05,0.3943,0.3111,0.3682
0.2,0.05,0.25,0.2,0.3,0,0.3906,0.3407,0.375
0.2,0.05,0.25,0.25,0.2,0.05,0.4042,0.2614,0.3932
0.2,0.05,0.25,0.25,0.25,0,0.4005,0.2909,0.3971
0.2,0.05,0.25,0.3,0.2,0,0.4104,0.2411,0.4059
0.2,0.05,0.25,0.35,0.15,0,0.4203,0.1914,0.4147
0.2,0.05,0.3,0.35,0.1,0,0.4474,0.1414,0.4273
0.2,0.05,0.3,0.4,0.05,0,0.4573,0.0916,0.4523
0.2,0.05,0.3,0.45,0,0,0.4672,0.0418,0.4773
0.2,0.1,0.25,0.15,0.3,0,0.3964,0.3439,0.3386
0.2,0.1,0.25,0.2,0.25,0,0.4062,0.3077,0.3636
0.2,0.1,0.25,0.25,0.2,0,0.4161,0.258,0.3886
0.2,0.1,0.25,0.3,0.15,0,0.426,0.2082,0.4136
0.2,0.1,0.25,0.35,0.05,0.05,0.4396,0.1289,0.4318
0.2,0.1,0.25,0.35,0.1,0,0.4359,0.1584,0.4353
0.2,0.1,0.25,0.4,0.05,0,0.4458,0.1086,0.4441
0.2,0.1,0.25,0.45,0,0,0.4557,0.0589,0.4529
0.2,0.15,0.25,0.35,0.05,0,0.4516,0.1255,0.4273
0.2,0.15,0.25,0.4,0,0,0.4615,0.0757,0.4523
0.25,0,0.2,0.2,0.35,0,0.3832,0.3793,0.3382
0.25,0,0.25,0.15,0.3,0.05,0.4187,0.3495,0.3295
0.25,0,0.25,0.15,0.35,0,0.4151,0.3591,0.3364
0.25,0,0.25,0.2,0.25,0.05,0.4286,0.2998,0.3545
0.25,0,0.25,0.2,0.3,0,0.425,0.3293,0.3614
0.25,0,0.25,0.25,0.2,0.05,0.4385,0.25,0.3795
0.25,0,0.25,0.25,0.25,0,0.4349,0.2795,0.3864
0.25,0,0.25,0.3,0.15,0.05,0.4484,0.2002,0.4045
0.25,0,0.25,0.3,0.2,0,0.4448,0.2298,0.4059
0.25,0,0.25,0.35,0.1,0.05,0.4583,0.1505,0.4147
0.25,0,0.25,0.35,0.15,0,0.4547,0.18,0.4147
0.25,0,0.3,0.15,0.25,0.05,0.4458,0.2995,0.3068
0.25,0,0.3,0.15,0.3,0,0.4422,0.3291,0.3136
0.25,0,0.3,0.2,0.25,0,0.4521,0.2793,0.3386
0.25,0,0.3,0.25,0.2,0,0.462,0.2295,0.3636
0.25,0,0.3,0.3,0.15,0,0.4719,0.1798,0.3886
0.25,0,0.3,0.35,0.1,0,0.4818,0.13,0.4136
0.25,0,0.3,0.4,0.05,0,0.4917,0.0802,0.4386
0.25,0,0.3,0.45,0,0,0.5016,0.0305,0.4636
0.25,0,0.35,0.1,0.3,0,0.4594,0.3121,0.2659
0.25,0,0.35,0.15,0.25,0,0.4693,0.2791,0.2909
0.25,0,0.35,0.2,0.2,0,0.4792,0.2293,0.3159
0.25,0,0.35,0.25,0.15,0,0.4891,0.1795,0.3409
0.25,0.05,0.2,0.2,0.3,0,0.3884,0.3464,0.3567
0.25,0.05,0.2,0.25,0.25,0,0.4026,0.2966,0.3676
0.25,0.05,0.25,0.15,0.25,0.05,0.4274,0.3166,0.3182
0.25,0.05,0.25,0.15,0.3,0,0.4242,0.3409,0.325
0.25,0.05,0.25,0.2,0.2,0.05,0.4416,0.2668,0.3432
0.25,0.05,0.25,0.2,0.25,0,0.4384,0.2964,0.35
0.25,0.05,0.25,0.25,0.15,0.05,0.4542,0.217,0.3682
0.25,0.05,0.25,0.25,0.2,0,0.4505,0.2466,0.375
0.25,0.05,0.25,0.3,0.1,0.05,0.4641,0.1673,0.3932
0.25,0.05,0.25,0.3,0.15,0,0.4604,0.1968,0.4
0.25,0.05,0.25,0.35,0.05,0.05,0.474,0.1175,0.4182
0.25,0.05,0.25,0.35,0.1,0,0.4703,0.147,0.425
0.25,0.05,0.25,0.4,0,0.05,0.4839,0.0677,0.4432
0.25,0.05,0.25,0.4,0.05,0,0.4802,0.0973,0.4441
0.25,0.05,0.25,0.45,0,0,0.4901,0.0475,0.4529
0.25,0.05,0.3,0.1,0.25,0.05,0.4516,0.3091,0.2705
0.25,0.05,0.3,0.1,0.3,0,0.4479,0.303,0.2773
0.25,0.05,0.3,0.15,0.2,0.05,0.4615,0.2666,0.2955
0.25,0.05,0.3,0.15,0.25,0,0.4578,0.2961,0.3023
0.25,0.05,0.3,0.2,0.2,0,0.4677,0.2464,0.3273
0.25,0.05,0.3,0.25,0.15,0,0.4776,0.1966,0.3523
0.25,0.1,0.25,0.3,0.1,0,0.4721,0.1639,0.3886
0.25,0.1,0.25,0.35,0.05,0,0.4859,0.1141,0.4136
0.25,0.1,0.25,0.4,0,0,0.4958,0.0643,0.4386
0.25,0.1,0.3,0.15,0.2,0,0.4734,0.2632,0.2909
0.25,0.1,0.3,0.2,0.15,0,0.4833,0.2134,0.3159
0.25,0.1,0.3,0.25,0.1,0,0.4932,0.1636,0.3409
0.25,0.1,0.3,0.3,0.05,0,0.5031,0.1139,0.3659
0.3,0,0.2,0.2,0.3,0,0.4084,0.335,0.3588
0.3,0,0.2,0.25,0.25,0,0.4226,0.2852,0.3676
0.3,0,0.25,0.15,0.25,0.05,0.4474,0.3052,0.3045
0.3,0,0.25,0.15,0.3,0,0.4442,0.3348,0.3114
0.3,0,0.25,0.2,0.2,0.05,0.4616,0.2555,0.3295
0.3,0,0.25,0.2,0.25,0,0.4584,0.285,0.3364
0.3,0,0.25,0.25,0.15,0.05,0.4758,0.2057,0.3545
0.3,0,0.25,0.25,0.2,0,0.4726,0.2352,0.3614
0.3,0,0.25,0.3,0.1,0.05,0.49,0.1559,0.3795
0.3,0,0.25,0.3,0.15,0,0.4868,0.1855,0.3864
0.3,0,0.25,0.35,0.05,0.05,0.5042,0.1061,0.4045
0.3,0,0.25,0.35,0.1,0,0.5011,0.1357,0.4114
0.3,0,0.25,0.4,0,0.05,0.5182,0.0564,0.4295
0.3,0,0.25,0.4,0.05,0,0.5146,0.0859,0.4364
0.3,0,0.25,0.45,0,0,0.5245,0.0361,0.4529
0.3,0,0.3,0.1,0.25,0.05,0.4832,0.305,0.2568
0.3,0,0.3,0.1,0.3,0,0.48,0.3,0.2636
0.3,0,0.3,0.15,0.2,0.05,0.4958,0.2552,0.2818
0.3,0,0.3,0.15,0.25,0,0.4922,0.2848,0.2886
0.3,0,0.3,0.2,0.15,0.05,0.5057,0.2055,0.3068
0.3,0,0.3,0.2,0.2,0,0.5021,0.235,0.3136
0.3,0,0.3,0.25,0.1,0.05,0.5156,0.1557,0.3318
0.3,0,0.3,0.25,0.15,0,0.512,0.1852,0.3386
0.3,0,0.3,0.3,0.05,0.05,0.5255,0.1059,0.3568
0.3,0,0.3,0.3,0.1,0,0.5219,0.1355,0.3636
0.3,0,0.3,0.35,0,0.05,0.5354,0.0561,0.3818
0.3,0,0.3,0.35,0.05,0,0.5318,0.0857,0.3886
0.3,0,0.3,0.4,0,0,0.5417,0.0359,0.4136
0.3,0,0.35,0.1,0.2,0.05,0.513,0.255,0.2341
0.3,0,0.35,0.1,0.25,0,0.5094,0.2845,0.2409
0.3,0,0.35,0.15,0.15,0.05,0.5229,0.2052,0.2591
0.3,0,0.35,0.15,0.2,0,0.5193,0.2348,0.2659
0.3,0,0.35,0.2,0.15,0,0.5292,0.185,0.2909
0.3,0,0.35,0.25,0.1,0,0.5391,0.1352,0.3159
0.3,0,0.35,0.3,0.05,0,0.549,0.0855,0.3409
0.3,0,0.35,0.35,0,0,0.5589,0.0357,0.3659
0.3,0,0.4,0.05,0.2,0.05,0.5302,0.2548,0.1864
0.3,0,0.4,0.05,0.25,0,0.5266,0.253,0.1932
0.3,0,0.4,0.1,0.2,0,0.5365,0.2345,0.2182
0.3,0,0.4,0.15,0.15,0,0.5464,0.1848,0.2432
0.3,0,0.4,0.2,0.1,0,0.5562,0.135,0.2682
0.3,0,0.4,0.25,0.05,0,0.5661,0.0852,0.2932
0.3,0.05,0.2,0.35,0.1,0,0.4563,0.1527,0.4059
0.3,0.05,0.25,0.15,0.25,0,0.4495,0.3018,0.3
0.3,0.05,0.25,0.2,0.2,0,0.4637,0.252,0.325
0.3,0.05,0.25,0.25,0.15,0,0.4779,0.2023,0.35
0.3,0.05,0.25,0.3,0.1,0,0.4921,0.1525,0.375
0.3,0.05,0.25,0.35,0.05,0,0.5063,0.1027,0.4
0.3,0.05,0.25,0.4,0,0,0.5205,0.053,0.425
0.3,0.05,0.3,0.15,0.15,0.05,0.5026,0.2223,0.2705
0.3,0.05,0.3,0.15,0.2,0,0.4995,0.2518,0.2773
0.3,0.05,0.3,0.2,0.1,0.05,0.5168,0.1725,0.2955
0.3,0.05,0.3,0.2,0.15,0,0.5137,0.202,0.3023
0.3,0.05,0.3,0.25,0.05,0.05,0.5311,0.1227,0.3205
0.3,0.05,0.3,0.25,0.1,0,0.5276,0.1523,0.3273
0.3,0.05,0.3,0.3,0,0.05,0.5411,0.073,0.3455
0.3,0.05,0.3,0.3,0.05,0,0.5375,0.1025,0.3523
0.3,0.05,0.3,0.35,0,0,0.5474,0.0527,0.3773
0.3,0.05,0.35,0.1,0.15,0.05,0.5286,0.222,0.2227
0.3,0.05,0.35,0.1,0.2,0,0.525,0.2516,0.2295
0.3,0.05,0.35,0.15,0.1,0.05,0.5385,0.1723,0.2477
0.3,0.05,0.35,0.15,0.15,0,0.5349,0.2018,0.2545
0.3,0.05,0.35,0.2,0.05,0.05,0.5484,0.1225,0.2727
0.3,0.05,0.35,0.2,0.1,0,0.5448,0.152,0.2795
0.3,0.05,0.35,0.25,0.05,0,0.5547,0.1023,0.3045
0.3,0.1,0.35,0.1,0.15,0,0.5405,0.2186,0.2182
0.3,0.1,0.35,0.15,0.1,0,0.5505,0.1689,0.2432
0.3,0.1,0.35,0.2,0.05,0,0.5604,0.1191,0.2682
0.3,0.1,0.35,0.25,0,0,0.5703,0.0693,0.2932
0.3,0.1,0.4,0.05,0.15,0,0.5578,0.2167,0.1705
0.35,0,0.2,0.3,0.15,0,0.4621,0.1911,0.3841
0.35,0,0.2,0.35,0.1,0,0.4763,0.1414,0.4059
0.35,0,0.2,0.4,0.05,0,0.4905,0.0916,0.4147
0.35,0,0.25,0.15,0.25,0,0.4695,0.2905,0.2864
0.35,0,0.25,0.2,0.2,0,0.4837,0.2407,0.3114
0.35,0,0.25,0.25,0.15,0,0.4979,0.1909,0.3364
0.35,0,0.25,0.3,0.1,0,0.5121,0.1411,0.3614
0.35,0,0.25,0.35,0.05,0,0.5263,0.0914,0.3864
0.35,0,0.25,0.4,0,0,0.5405,0.0416,0.4114
0.35,0,0.3,0.15,0.15,0.05,0.5226,0.2109,0.2568
0.35,0,0.3,0.15,0.2,0,0.5195,0.2405,0.2636
0.35,0,0.3,0.2,0.1,0.05,0.5368,0.1611,0.2818
0.35,0,0.3,0.2,0.15,0,0.5337,0.1907,0.2886
0.35,0,0.3,0.25,0.05,0.05,0.5511,0.1114,0.3068
0.35,0,0.3,0.25,0.1,0,0.5479,0.1409,0.3136
0.35,0,0.3,0.3,0,0.05,0.5653,0.0616,0.3318
0.35,0,0.3,0.3,0.05,0,0.5621,0.0911,0.3386
0.35,0,0.3,0.35,0,0,0.5763,0.0414,0.3636
0.35,0,0.35,0.05,0.2,0.05,0.5442,0.247,0.1841
0.35,0,0.35,0.05,0.25,0,0.5411,0.2409,0.1909
0.35,0,0.35,0.1,0.15,0.05,0.5584,0.2107,0.2091
0.35,0,0.35,0.1,0.2,0,0.5553,0.2402,0.2159
0.35,0,0.35,0.15,0.1,0.05,0.5726,0.1609,0.2341
0.35,0,0.35,0.15,0.15,0,0.5693,0.1905,0.2409
0.35,0,0.35,0.2,0.05,0.05,0.5828,0.1111,0.2591
0.35,0,0.35,0.2,0.1,0,0.5792,0.1407,0.2659
0.35,0,0.35,0.25,0,0.05,0.5927,0.0614,0.2841
0.35,0,0.35,0.25,0.05,0,0.5891,0.0909,0.2909
0.35,0,0.35,0.3,0,0,0.599,0.0411,0.3159
0.35,0,0.4,0.05,0.15,0.05,0.5802,0.2105,0.1614
0.35,0,0.4,0.05,0.2,0,0.5766,0.2318,0.1682
0.35,0,0.4,0.1,0.1,0.05,0.5901,0.1607,0.1864
0.35,0,0.4,0.1,0.15,0,0.5865,0.1902,0.1932
0.35,0,0.4,0.15,0.05,0.05,0.6,0.1109,0.2114
0.35,0,0.4,0.15,0.1,0,0.5964,0.1405,0.2182
0.35,0,0.4,0.2,0,0.05,0.6099,0.0611,0.2364
0.35,0,0.4,0.2,0.05,0,0.6062,0.0907,0.2432
0.35,0,0.4,0.25,0,0,0.6161,0.0409,0.2682
0.35,0,0.45,0,0.15,0.05,0.5974,0.2,0.1136
0.35,0,0.45,0.05,0.15,0,0.6036,0.19,0.1455
0.35,0,0.45,0.1,0.1,0,0.6135,0.1402,0.1705
0.35,0,0.45,0.15,0.05,0,0.6234,0.0905,0.1955
0.35,0,0.45,0.2,0,0,0.6333,0.0407,0.2205
0.35,0,0.5,0,0.15,0,0.6208,0.1848,0.0977
0.35,0,0.5,0.05,0.1,0,0.6307,0.14,0.1227
0.35,0.05,0.3,0.1,0.2,0,0.5105,0.2573,0.2273
0.35,0.05,0.3,0.15,0.15,0,0.5247,0.2075,0.2523
0.35,0.05,0.3,0.2,0.1,0,0.5389,0.1577,0.2773
0.35,0.05,0.3,0.25,0.05,0,0.5532,0.108,0.3023
0.35,0.05,0.3,0.3,0,0,0.5674,0.0582,0.3273
0.35,0.05,0.35,0.1,0.15,0,0.5605,0.2073,0.2045
0.35,0.05,0.35,0.15,0.1,0,0.5747,0.1575,0.2295
0.35,0.05,0.35,0.2,0,0.05,0.5921,0.0782,0.2477
0.35,0.05,0.35,0.2,0.05,0,0.5889,0.1077,0.2545
0.35,0.05,0.35,0.25,0,0,0.6032,0.058,0.2795
0.35,0.05,0.4,0.05,0.1,0.05,0.5958,0.1775,0.15
0.35,0.05,0.4,0.05,0.15,0,0.5922,0.207,0.1568
0.35,0.05,0.4,0.1,0.05,0.05,0.6057,0.1277,0.175
0.35,0.05,0.4,0.1,0.1,0,0.6021,0.1573,0.1818
0.35,0.05,0.4,0.15,0,0.05,0.6156,0.078,0.2
0.35,0.05,0.4,0.15,0.05,0,0.612,0.1075,0.2068
0.35,0.05,0.4,0.2,0,0,0.6219,0.0577,0.2318
0.35,0.1,0.4,0.1,0.05,0,0.6158,0.1243,0.1705
0.35,0.1,0.4,0.15,0,0,0.6276,0.0745,0.1955
0.35,0.1,0.45,0,0.1,0,0.625,0.1576,0.0977
0.35,0.1,0.45,0.05,0.05,0,0.6349,0.1241,0.1227
0.35,0.1,0.45,0.1,0,0,0.6448,0.0743,0.1477
0.4,0,0.25,0.35,0,0,0.5516,0.047,0.3614
0.4,0,0.3,0.1,0.2,0,0.5305,0.2459,0.2136
0.4,0,0.3,0.15,0.15,0,0.5447,0.1961,0.2386
0.4,0,0.3,0.2,0.1,0,0.5589,0.1464,0.2636
0.4,0,0.3,0.25,0.05,0,0.5732,0.0966,0.2886
0.4,0,0.3,0.3,0,0,0.5874,0.0468,0.3136
0.4,0,0.35,0.1,0.15,0,0.5805,0.1959,0.1909
0.4,0,0.35,0.15,0.05,0.05,0.5979,0.1166,0.2091
0.4,0,0.35,0.15,0.1,0,0.5947,0.1461,0.2159
0.4,0,0.35,0.2,0,0.05,0.6121,0.0668,0.2341
0.4,0,0.35,0.2,0.05,0,0.6089,0.0964,0.2409
0.4,0,0.35,0.25,0,0,0.6232,0.0466,0.2659
0.4,0,0.4,0.05,0.1,0.05,0.6195,0.1661,0.1364
0.4,0,0.4,0.05,0.15,0,0.6163,0.1957,0.1432
0.4,0,0.4,0.1,0.05,0.05,0.6337,0.1164,0.1614
0.4,0,0.4,0.1,0.1,0,0.6305,0.1459,0.1682
0.4,0,0.4,0.15,0,0.05,0.6479,0.0666,0.1864
0.4,0,0.4,0.15,0.05,0,0.6447,0.0961,0.1932
0.4,0,0.4,0.2,0,0,0.6562,0.0464,0.2182
0.4,0,0.45,0,0.1,0.05,0.6474,0.1659,0.0886
0.4,0,0.45,0,0.15,0,0.6438,0.1727,0.0955
0.4,0,0.45,0.05,0.05,0.05,0.6573,0.1161,0.1136
0.4,0,0.45,0.05,0.1,0,0.6536,0.1457,0.1205
0.4,0,0.45,0.1,0,0.05,0.6672,0.0664,0.1386
0.4,0,0.45,0.1,0.05,0,0.6635,0.0959,0.1455
0.4,0,0.45,0.15,0,0,0.6734,0.0461,0.1705
0.4,0,0.5,0,0.1,0,0.6708,0.1455,0.0727
0.4,0,0.5,0.05,0.05,0,0.6807,0.0957,0.0977
0.4,0,0.5,0.1,0,0,0.6906,0.0459,0.1227
0.4,0,0.55,0,0.05,0,0.6979,0.0955,0.05
0.4,0,0.55,0.05,0,0,0.7078,0.0457,0.075
0.4,0.05,0.35,0.15,0.05,0,0.6,0.1132,0.2045
0.4,0.05,0.35,0.2,0,0,0.6142,0.0634,0.2295
0.4,0.05,0.4,0.05,0.1,0,0.6216,0.1627,0.1318
0.4,0.05,0.4,0.1,0.05,0,0.6358,0.113,0.1568
0.4,0.05,0.4,0.15,0,0,0.65,0.0632,0.1818
0.4,0.05,0.45,0,0.05,0.05,0.6605,0.133,0.0773
0.4,0.05,0.45,0,0.1,0,0.6574,0.1545,0.0841
0.4,0.05,0.45,0.05,0,0.05,0.6729,0.0832,0.1023
0.4,0.05,0.45,0.05,0.05,0,0.6693,0.1127,0.1091
0.4,0.05,0.45,0.1,0,0,0.6792,0.063,0.1341
0.4,0.05,0.5,0,0.05,0,0.6865,0.1125,0.0614
0.4,0.05,0.5,0.05,0,0,0.6964,0.0627,0.0864
0.4,0.1,0.5,0,0,0,0.7021,0.0795,0.05
0.45,0,0.35,0.1,0.1,0,0.6058,0.1516,0.1659
0.45,0,0.35,0.15,0.05,0,0.62,0.1018,0.1909
0.45,0,0.35,0.2,0,0,0.6342,0.052,0.2159
0.45,0,0.4,0.05,0.1,0,0.6416,0.1514,0.1182
0.45,0,0.4,0.1,0.05,0,0.6558,0.1016,0.1432
0.45,0,0.4,0.15,0,0,0.67,0.0518,0.1682
0.45,0,0.45,0,0.05,0.05,0.6805,0.1216,0.0636
0.45,0,0.45,0,0.1,0,0.6774,0.1511,0.0705
0.45,0,0.45,0.05,0,0.05,0.6947,0.0718,0.0886
0.45,0,0.45,0.05,0.05,0,0.6916,0.1014,0.0955
0.45,0,0.45,0.1,0,0,0.7058,0.0516,0.1205
0.45,0,0.5,0,0,0.05,0.7245,0.0716,0.0409
0.45,0,0.5,0,0.05,0,0.7208,0.1011,0.0477
0.45,0,0.5,0.05,0,0,0.7307,0.0514,0.0727
0.45,0,0.55,0,0,0,0.7479,0.0511,0.025
0.45,0.05,0.45,0,0.05,0,0.6826,0.1182,0.0591
0.45,0.05,0.45,0.05,0,0,0.6968,0.0684,0.0841
0.45,0.05,0.5,0,0,0,0.7326,0.0682,0.0364
0.5,0,0.4,0.1,0,0,0.6811,0.0573,0.1182
0.5,0,0.45,0,0.05,0,0.7026,0.1068,0.0455
0.5,0,0.45,0.05,0,0,0.7168,0.057,0.0705
0.5,0,0.5,0,0,0,0.7526,0.0568,0.0227
